id,group,feature_id,point_count,points
0,roads,1,37,"1254.53,817.84 | 1265.40,837.02 | 1294.02,841.73 | 1299.51,856.07 | 1309.45,864.05 | 1312.05,879.19 | 1307.99,906.22 | 1310.12,924.96 | 1331.25,927.50 | 1331.71,942.21 | 1336.27,960.56 | 1336.19,985.95 | 1350.92,1006.63 | 1354.96,1039.20 | 1379.45,1037.38 | 1388.12,1053.90 | 1406.23,1066.93 | 1426.27,1092.84 | 1442.39,1115.34 | 1433.80,1136.20 | 1445.91,1135.46 | 1466.50,1147.90 | 1469.57,1164.46 | 1462.38,1180.06 | 1465.30,1195.20 | 1470.27,1212.25 | 1470.43,1224.82 | 1463.82,1233.55 | 1462.65,1244.00 | 1466.50,1259.20 | 1471.36,1273.34 | 1489.07,1275.83 | 1501.60,1279.70 | 1514.22,1283.64 | 1523.00,1290.60 | 1526.58,1310.65 | 1534.07,1346.82"
1,roads,1,21,"993.29,617.02 | 1015.12,617.17 | 1037.09,616.69 | 1051.21,622.38 | 1053.29,638.91 | 1053.62,661.16 | 1061.25,685.30 | 1061.74,699.50 | 1073.93,711.52 | 1083.33,718.60 | 1094.76,728.11 | 1099.75,741.21 | 1110.09,757.19 | 1113.45,777.23 | 1132.76,779.59 | 1153.04,766.59 | 1181.78,780.71 | 1197.08,779.89 | 1209.66,786.11 | 1231.45,795.17 | 1254.53,817.84"
2,roads,1,10,"1294.02,841.73 | 1309.95,827.87 | 1345.46,837.94 | 1355.81,826.90 | 1380.11,806.11 | 1370.30,794.30 | 1366.85,779.32 | 1372.70,765.60 | 1363.79,742.92 | 1386.66,733.91"
3,roads,1,9,"836.83,592.45 | 861.01,595.21 | 876.58,601.63 | 887.29,613.35 | 896.42,612.61 | 925.02,613.29 | 941.13,620.68 | 973.03,614.61 | 993.29,617.02"
4,roads,1,13,"607.18,1231.66 | 611.26,1247.27 | 598.69,1272.63 | 592.45,1283.02 | 582.41,1289.91 | 556.28,1295.78 | 557.95,1305.94 | 563.41,1342.88 | 560.19,1360.93 | 567.73,1366.28 | 577.51,1374.85 | 569.31,1391.35 | 580.87,1413.60"
5,roads,1,51,"607.18,1231.66 | 612.80,1216.80 | 618.45,1202.04 | 631.10,1193.50 | 636.28,1176.67 | 633.40,1162.59 | 639.51,1144.44 | 635.54,1126.02 | 634.00,1107.90 | 628.46,1088.57 | 638.96,1070.02 | 629.34,1052.92 | 639.43,1048.08 | 643.50,1038.80 | 641.59,1024.98 | 642.72,1018.60 | 650.00,1006.30 | 668.16,1004.46 | 678.16,997.36 | 703.83,991.82 | 715.93,981.71 | 723.04,961.79 | 730.92,954.85 | 750.04,951.34 | 759.91,941.55 | 767.22,927.85 | 780.55,919.03 | 787.40,907.80 | 794.21,896.47 | 798.78,887.12 | 800.98,880.80 | 808.13,874.86 | 812.50,861.80 | 816.95,848.67 | 827.40,840.90 | 834.55,830.84 | 835.16,816.33 | 831.10,803.10 | 827.02,789.90 | 827.44,779.26 | 821.88,766.54 | 834.00,757.20 | 838.88,746.93 | 840.78,729.80 | 849.54,717.13 | 852.41,702.11 | 850.81,683.20 | 841.45,654.14 | 832.45,644.73 | 831.60,627.20 | 836.83,592.45"
6,roads,1,34,"861.01,595.21 | 859.80,582.30 | 858.66,569.39 | 860.20,557.90 | 861.71,546.33 | 857.93,540.20 | 857.90,523.50 | 857.84,506.78 | 857.82,490.96 | 848.10,480.10 | 841.60,468.69 | 841.40,456.20 | 838.18,443.69 | 828.86,431.76 | 817.50,413.20 | 806.08,394.60 | 798.20,383.90 | 790.33,373.19 | 776.00,370.40 | 763.52,365.40 | 754.80,355.90 | 743.25,346.38 | 736.21,339.20 | 726.18,338.03 | 706.60,326.90 | 701.11,327.22 | 692.92,324.65 | 680.50,323.10 | 667.98,321.64 | 649.94,323.04 | 635.60,326.10 | 621.19,329.12 | 614.84,319.21 | 593.26,313.60"
7,roads,1,10,"1352.31,566.53 | 1361.10,591.04 | 1364.58,611.75 | 1373.98,620.44 | 1372.76,638.71 | 1383.30,669.65 | 1376.00,688.43 | 1395.05,712.29 | 1386.77,720.57 | 1386.66,733.91"
8,roads,1,16,"556.28,1295.78 | 537.17,1297.28 | 527.95,1270.02 | 514.11,1267.89 | 500.20,1270.00 | 486.37,1272.17 | 475.70,1274.90 | 465.07,1277.63 | 453.47,1288.44 | 436.16,1314.69 | 425.97,1321.04 | 399.83,1306.13 | 370.79,1295.59 | 353.11,1286.62 | 341.83,1300.66 | 334.07,1313.67"
9,roads,1,8,"193.49,1368.80 | 215.89,1353.43 | 230.38,1346.02 | 251.82,1344.24 | 273.35,1323.76 | 286.69,1323.72 | 311.33,1329.15 | 334.07,1313.67"
10,roads,1,7,"286.69,1323.72 | 279.97,1294.45 | 284.11,1282.67 | 268.61,1264.19 | 265.10,1249.75 | 274.07,1232.03 | 271.93,1198.34"
11,roads,1,15,"216.28,604.71 | 198.68,617.20 | 192.30,629.90 | 180.55,634.50 | 168.20,632.20 | 149.90,640.90 | 144.25,655.20 | 141.70,670.80 | 139.15,686.40 | 130.10,698.80 | 121.14,711.28 | 108.31,713.69 | 96.61,714.94 | 86.90,722.90 | 80.81,735.27"
12,roads,1,40,"216.28,604.71 | 201.42,595.32 | 210.80,588.50 | 217.49,580.16 | 218.80,568.70 | 232.91,564.99 | 242.78,556.65 | 255.60,545.40 | 272.30,546.36 | 279.71,518.34 | 282.50,505.70 | 285.66,492.64 | 295.80,482.40 | 299.37,465.82 | 322.00,471.90 | 337.76,471.88 | 351.89,460.50 | 364.70,462.80 | 377.42,465.06 | 388.03,458.87 | 393.64,448.59 | 408.02,432.50 | 423.30,424.40 | 426.80,412.90 | 430.29,401.39 | 425.50,389.10 | 425.92,379.50 | 431.50,372.50 | 435.78,361.34 | 433.70,343.34 | 436.78,335.77 | 467.27,321.70 | 491.70,295.24 | 503.38,295.82 | 526.99,302.08 | 545.37,297.93 | 567.40,287.80 | 574.86,295.81 | 585.80,294.20 | 593.26,313.60"
13,roads,1,3,"723.04,961.79 | 713.54,970.71 | 703.83,991.82"
14,roads,1,18,"193.49,1368.80 | 170.02,1379.91 | 146.70,1375.90 | 136.72,1368.30 | 129.16,1361.57 | 121.80,1347.20 | 114.51,1332.75 | 116.70,1322.90 | 116.89,1311.04 | 122.50,1297.60 | 123.88,1283.13 | 120.45,1268.33 | 124.43,1256.91 | 110.40,1243.53 | 95.70,1227.42 | 101.88,1210.22 | 87.20,1201.10 | 71.50,1190.98"
15,roads,1,10,"324.47,330.95 | 317.20,342.80 | 321.96,353.66 | 330.70,360.50 | 357.45,358.00 | 370.20,362.40 | 383.47,352.26 | 401.96,357.60 | 415.77,361.31 | 425.92,379.50"
16,roads,1,12,"128.09,414.82 | 144.08,421.09 | 154.71,430.10 | 165.26,445.96 | 179.17,454.95 | 189.20,462.80 | 199.17,470.72 | 211.60,478.10 | 224.05,485.52 | 240.63,481.67 | 269.74,488.84 | 285.66,492.64"
17,trails,1,18,"895.57,851.62 | 883.96,871.84 | 873.27,884.00 | 870.31,897.98 | 859.17,907.99 | 854.06,926.96 | 858.50,946.20 | 852.37,955.31 | 852.43,965.07 | 853.22,993.47 | 879.96,1002.84 | 896.03,1014.78 | 903.69,1026.86 | 931.32,1035.16 | 940.52,1043.41 | 949.79,1060.20 | 965.18,1068.06 | 992.95,1068.26"
18,trails,1,10,"858.17,833.53 | 877.67,839.97 | 895.57,851.62 | 933.05,853.05 | 943.07,850.76 | 956.23,862.50 | 964.50,884.81 | 971.42,897.25 | 987.47,879.52 | 993.59,848.97"
19,trails,1,6,"938.77,968.34 | 924.31,961.25 | 914.53,951.66 | 902.13,947.04 | 886.08,946.33 | 858.50,946.20"
20,trails,1,5,"971.42,897.25 | 979.43,912.40 | 998.64,924.16 | 994.17,951.75 | 983.10,960.94"
21,trails,1,2,"858.17,833.53 | 834.55,830.84"
22,trails,1,4,"991.00,984.49 | 979.82,968.48 | 962.32,964.21 | 938.77,968.34"
23,trails,1,4,"924.31,961.25 | 914.00,980.28 | 915.71,1005.20 | 931.32,1035.16"
24,trails,1,2,"723.04,961.79 | 699.63,942.28"
25,trails,1,6,"798.91,1068.14 | 816.94,1064.55 | 828.40,1054.39 | 840.32,1027.44 | 850.28,1012.48 | 853.22,993.47"
26,trails,1,7,"703.83,991.82 | 705.00,1013.37 | 696.60,1032.45 | 683.38,1034.96 | 665.32,1046.42 | 647.90,1054.84 | 638.96,1070.02"
27,trails,1,7,"1008.20,809.55 | 1030.84,808.95 | 1046.51,806.58 | 1057.23,800.07 | 1067.70,799.60 | 1093.75,793.98 | 1113.45,777.23"
28,trails,1,2,"689.62,959.52 | 699.63,942.28"
29,trails,1,2,"713.54,970.71 | 689.62,959.52"
30,trails,1,3,"1008.20,809.55 | 1006.81,830.59 | 993.59,848.97"
31,trails,1,9,"1008.20,809.55 | 1015.14,793.22 | 1012.07,774.52 | 1014.32,757.38 | 1023.83,742.04 | 1019.08,721.25 | 1025.06,710.85 | 1037.80,693.58 | 1061.25,685.30"
32,trails,1,5,"1048.99,1023.41 | 1028.14,1005.05 | 1022.51,997.74 | 1010.67,992.29 | 991.00,984.49"
33,trails,1,11,"998.64,924.16 | 1015.17,925.61 | 1033.99,930.56 | 1048.06,928.62 | 1074.03,921.38 | 1102.74,919.53 | 1115.42,911.50 | 1134.27,889.24 | 1146.64,900.40 | 1154.23,910.93 | 1161.40,937.76"
34,trails,1,6,"798.91,1068.14 | 788.89,1053.56 | 772.74,1047.53 | 758.09,1035.39 | 733.73,1026.21 | 696.60,1032.45"
35,trails,1,15,"798.91,1068.14 | 775.18,1082.97 | 763.82,1097.96 | 757.68,1108.13 | 757.16,1120.87 | 750.52,1142.88 | 752.21,1158.25 | 740.17,1186.86 | 723.62,1189.85 | 708.87,1185.80 | 691.30,1185.33 | 677.17,1193.05 | 669.24,1209.30 | 647.22,1187.99 | 636.28,1176.67"
36,trails,1,8,"1074.39,1031.28 | 1076.32,1057.42 | 1071.26,1068.41 | 1054.39,1088.04 | 1047.48,1080.82 | 1035.71,1077.35 | 1016.09,1078.02 | 992.95,1068.26"
37,trails,1,2,"1128.26,791.74 | 1132.76,779.59"
38,trails,1,11,"1048.99,1023.41 | 1074.39,1031.28 | 1103.29,1033.58 | 1121.02,1024.34 | 1133.00,1027.18 | 1159.48,1028.50 | 1167.70,1060.90 | 1171.11,1068.57 | 1171.70,1097.98 | 1148.04,1099.94 | 1117.82,1122.26"
39,trails,1,3,"1118.00,849.72 | 1126.28,872.12 | 1134.27,889.24"
40,trails,1,4,"1128.26,791.74 | 1121.25,822.41 | 1122.62,835.41 | 1118.00,849.72"
41,trails,1,2,"1180.79,907.86 | 1154.23,910.93"
42,trails,1,2,"1188.39,944.80 | 1161.40,937.76"
43,trails,1,3,"1037.09,616.69 | 1033.62,599.06 | 1010.41,582.72"
44,trails,1,2,"1159.48,1028.50 | 1177.13,1019.98"
45,trails,1,5,"1188.39,944.80 | 1181.41,973.80 | 1172.00,987.80 | 1169.23,1004.52 | 1177.13,1019.98"
46,trails,1,8,"1188.39,944.80 | 1200.49,931.67 | 1214.88,950.37 | 1220.83,954.02 | 1235.42,962.19 | 1246.63,963.10 | 1256.14,997.51 | 1240.65,1019.53"
47,trails,1,3,"1099.82,1104.19 | 1085.29,1094.61 | 1054.39,1088.04"
48,trails,1,31,"1103.29,1033.58 | 1092.25,1047.95 | 1094.41,1076.26 | 1099.82,1104.19 | 1117.82,1122.26 | 1115.83,1139.84 | 1126.80,1160.06 | 1103.38,1169.49 | 1091.76,1183.32 | 1084.91,1200.06 | 1078.38,1222.60 | 1063.82,1246.22 | 1060.97,1268.14 | 1026.27,1263.72 | 1008.25,1271.62 | 978.99,1276.63 | 966.59,1289.60 | 958.64,1303.66 | 948.64,1309.55 | 933.28,1307.18 | 898.80,1314.03 | 881.08,1321.20 | 875.61,1327.78 | 854.03,1343.64 | 840.75,1345.44 | 822.39,1362.55 | 821.44,1373.61 | 816.69,1394.89 | 793.83,1398.06 | 771.97,1403.63 | 754.88,1397.87"
49,trails,1,2,"1181.78,780.71 | 1180.39,756.25"
50,trails,1,7,"1051.21,622.38 | 1062.82,595.33 | 1079.80,606.31 | 1091.08,617.76 | 1122.41,623.69 | 1142.86,638.81 | 1171.39,633.04"
51,trails,1,2,"1153.04,766.59 | 1180.39,756.25"
52,trails,1,4,"1218.71,880.34 | 1204.78,887.65 | 1196.27,899.76 | 1180.79,907.86"
53,trails,1,2,"1196.27,899.76 | 1200.49,931.67"
54,trails,1,5,"1218.71,880.34 | 1226.08,858.68 | 1222.89,828.78 | 1232.69,822.09 | 1254.53,817.84"
55,trails,1,4,"1220.00,1005.20 | 1209.83,1002.81 | 1197.59,1007.10 | 1177.13,1019.98"
56,trails,1,3,"1167.92,706.03 | 1165.44,692.24 | 1176.82,665.93"
57,trails,1,2,"1236.82,899.24 | 1218.71,880.34"
58,trails,1,4,"1218.15,704.68 | 1208.15,699.51 | 1191.37,700.30 | 1167.92,706.03"
59,trails,1,3,"1191.37,700.30 | 1192.23,723.95 | 1180.39,756.25"
60,trails,1,3,"1142.86,638.81 | 1162.62,664.92 | 1176.82,665.93"
61,trails,1,3,"1094.45,571.99 | 1084.71,584.21 | 1079.80,606.31"
62,trails,1,3,"1241.51,765.40 | 1219.15,766.42 | 1197.08,779.89"
63,trails,1,3,"1209.66,786.11 | 1215.79,810.77 | 1222.89,828.78"
64,trails,1,5,"1257.05,868.16 | 1249.85,885.90 | 1236.82,899.24 | 1250.82,906.92 | 1269.43,918.14"
65,trails,1,2,"1094.45,571.99 | 1096.48,559.37"
66,trails,1,12,"1220.00,1005.20 | 1240.65,1019.53 | 1245.88,1029.09 | 1263.80,1027.31 | 1276.14,1018.08 | 1297.16,1011.12 | 1306.31,1031.73 | 1297.77,1041.68 | 1287.06,1062.53 | 1294.26,1080.26 | 1311.81,1076.74 | 1318.08,1100.99"
67,trails,1,5,"1238.10,729.53 | 1234.62,744.16 | 1241.51,765.40 | 1258.94,787.09 | 1254.53,817.84"
68,trails,1,2,"1274.81,864.56 | 1257.05,868.16"
69,trails,1,4,"669.24,1209.30 | 658.80,1223.68 | 639.83,1225.29 | 612.80,1216.80"
70,trails,1,4,"1155.21,584.93 | 1132.25,576.25 | 1111.65,580.56 | 1094.45,571.99"
71,trails,1,2,"1211.15,655.49 | 1176.82,665.93"
72,trails,1,6,"1155.21,584.93 | 1154.62,609.63 | 1168.60,605.77 | 1179.36,610.56 | 1202.81,623.27 | 1230.46,629.29"
73,trails,1,2,"1179.36,610.56 | 1171.39,633.04"
74,trails,1,3,"1256.14,997.51 | 1269.22,997.25 | 1276.14,1018.08"
75,trails,1,2,"1039.43,504.61 | 1037.59,485.11"
76,trails,1,2,"1211.15,655.49 | 1230.46,629.29"
77,trails,1,4,"1218.15,704.68 | 1238.10,729.53 | 1255.45,727.51 | 1275.55,735.94"
78,trails,1,2,"1299.51,856.07 | 1274.81,864.56"
79,trails,1,2,"1265.40,837.02 | 1274.81,864.56"
80,trails,1,3,"1066.82,498.02 | 1056.40,498.32 | 1039.43,504.61"
81,trails,1,8,"1063.63,522.77 | 1066.82,498.02 | 1082.31,503.14 | 1100.76,514.65 | 1120.54,517.74 | 1116.49,527.00 | 1106.49,535.14 | 1096.48,559.37"
82,trails,1,9,"1241.51,765.40 | 1247.81,752.52 | 1275.55,735.94 | 1285.42,758.54 | 1300.03,766.09 | 1313.95,765.87 | 1329.62,765.45 | 1346.11,767.64 | 1366.85,779.32"
83,trails,1,2,"1012.83,484.88 | 1037.59,485.11"
84,trails,1,15,"1012.83,484.88 | 1004.69,466.46 | 1005.38,447.62 | 1004.55,426.27 | 993.75,407.11 | 1007.46,394.77 | 1019.81,384.41 | 1039.74,378.42 | 1071.64,372.00 | 1080.30,400.44 | 1079.00,415.77 | 1052.35,446.80 | 1070.23,454.41 | 1073.73,467.58 | 1066.82,498.02"
85,trails,1,3,"1052.35,446.80 | 1050.21,464.58 | 1037.59,485.11"
86,trails,1,3,"1307.99,906.22 | 1292.06,908.04 | 1269.43,918.14"
87,trails,1,3,"1336.27,960.56 | 1304.53,966.34 | 1300.15,959.54"
88,trails,1,3,"1211.15,655.49 | 1218.42,680.42 | 1218.15,704.68"
89,trails,1,2,"619.19,1266.76 | 611.26,1247.27"
90,trails,1,4,"646.91,1289.70 | 640.62,1279.40 | 619.19,1266.76 | 598.69,1272.63"
91,trails,1,2,"1302.23,997.36 | 1297.16,1011.12"
92,trails,1,2,"1302.23,997.36 | 1311.10,1002.23"
93,trails,1,2,"1308.42,979.16 | 1302.23,997.36"
94,trails,1,3,"1311.93,707.47 | 1291.30,716.77 | 1275.55,735.94"
95,trails,1,3,"1304.53,966.34 | 1308.42,979.16 | 1336.19,985.95"
96,trails,1,2,"980.20,485.02 | 1004.69,466.46"
97,trails,1,8,"1120.54,517.74 | 1138.44,518.10 | 1164.15,508.40 | 1180.78,514.60 | 1209.67,522.61 | 1222.94,541.83 | 1212.94,551.88 | 1203.99,574.46"
98,trails,1,8,"1155.21,584.93 | 1179.13,582.42 | 1203.99,574.46 | 1222.22,582.63 | 1240.61,589.02 | 1268.52,581.90 | 1287.22,574.99 | 1300.14,556.34"
99,trails,1,4,"1240.61,589.02 | 1241.27,613.46 | 1276.54,605.83 | 1268.52,581.90"
100,trails,1,3,"1306.31,1031.73 | 1314.62,1049.85 | 1311.81,1076.74"
101,trails,1,6,"714.87,1337.22 | 687.51,1339.30 | 659.13,1345.57 | 649.61,1334.74 | 646.67,1323.60 | 646.91,1289.70"
102,trails,1,2,"732.93,1340.42 | 714.87,1337.22"
103,trails,1,3,"582.08,1333.89 | 592.25,1315.30 | 610.57,1300.99"
104,trails,1,2,"592.25,1315.30 | 582.41,1289.91"
105,trails,1,8,"838.18,443.69 | 855.01,442.24 | 888.97,438.09 | 909.78,443.19 | 931.69,438.27 | 945.68,438.59 | 975.04,417.22 | 993.75,407.11"
106,trails,1,2,"1241.27,613.46 | 1230.46,629.29"
107,trails,1,4,"1354.96,1039.20 | 1350.98,1050.66 | 1336.77,1054.60 | 1314.62,1049.85"
108,trails,1,4,"719.26,1365.96 | 718.26,1374.46 | 728.95,1384.79 | 754.88,1397.87"
109,trails,1,2,"732.93,1340.42 | 719.26,1365.96"
110,trails,1,4,"582.08,1333.89 | 557.95,1305.94 | 539.20,1311.41 | 537.17,1297.28"
111,trails,1,3,"1311.93,707.47 | 1326.61,694.69 | 1327.98,675.60"
112,trails,1,2,"1327.32,670.06 | 1327.98,675.60"
113,trails,1,3,"650.09,1375.22 | 650.52,1360.59 | 659.13,1345.57"
114,trails,1,3,"1327.32,670.06 | 1323.41,649.10 | 1350.08,650.18"
115,trails,1,3,"1250.15,541.08 | 1258.48,556.34 | 1268.52,581.90"
116,trails,1,18,"819.88,379.37 | 812.83,362.00 | 799.90,354.04 | 799.24,325.63 | 812.34,301.39 | 825.47,305.10 | 840.03,302.31 | 855.26,290.67 | 862.01,280.87 | 873.66,268.50 | 883.50,255.69 | 904.57,245.77 | 917.17,235.75 | 931.15,212.60 | 940.67,208.09 | 951.79,188.03 | 965.81,179.49 | 993.89,175.88"
117,trails,1,2,"806.08,394.60 | 819.88,379.37"
118,trails,1,3,"1336.27,960.56 | 1354.05,954.76 | 1380.23,932.25"
119,trails,1,2,"1343.44,1118.18 | 1318.08,1100.99"
120,trails,1,14,"816.69,1394.89 | 827.96,1407.47 | 836.34,1432.09 | 852.66,1453.25 | 863.33,1461.63 | 870.07,1471.00 | 871.41,1480.57 | 892.55,1489.55 | 911.01,1503.15 | 926.93,1508.59 | 944.65,1514.83 | 961.63,1533.01 | 953.48,1544.53 | 938.74,1552.92"
121,trails,1,2,"1350.98,1050.66 | 1356.56,1067.55"
122,trails,1,2,"1250.15,541.08 | 1222.94,541.83"
123,trails,1,4,"1209.67,522.61 | 1212.19,512.35 | 1220.22,504.82 | 1235.64,497.89"
124,trails,1,2,"1343.44,1118.18 | 1330.51,1136.54"
125,trails,1,4,"1276.54,605.83 | 1280.49,611.51 | 1300.27,640.12 | 1323.41,649.10"
126,trails,1,10,"1380.11,806.11 | 1375.80,821.20 | 1378.94,834.19 | 1378.40,850.00 | 1381.29,862.10 | 1387.70,870.60 | 1397.69,875.40 | 1407.18,883.62 | 1383.95,897.44 | 1380.23,932.25"
127,trails,1,2,"1409.25,889.37 | 1383.95,897.44"
128,trails,1,2,"582.08,1333.89 | 563.41,1342.88"
129,trails,1,3,"475.70,1274.90 | 468.32,1295.62 | 453.47,1288.44"
130,trails,1,3,"661.69,1411.08 | 652.11,1398.30 | 650.09,1375.22"
131,trails,1,4,"1333.46,598.99 | 1317.42,603.45 | 1315.49,621.91 | 1323.41,649.10"
132,trails,1,14,"465.07,1277.63 | 459.04,1267.44 | 457.61,1255.20 | 432.40,1248.00 | 419.03,1247.47 | 403.36,1241.16 | 366.30,1256.88 | 364.82,1225.45 | 349.99,1219.11 | 343.54,1210.17 | 322.02,1221.05 | 305.74,1204.64 | 287.72,1205.07 | 271.93,1198.34"
133,trails,1,3,"743.25,346.38 | 762.42,338.98 | 799.90,354.04"
134,trails,1,3,"1355.03,1159.32 | 1347.15,1146.08 | 1330.51,1136.54"
135,trails,1,5,"1437.09,944.88 | 1421.60,941.40 | 1413.96,930.77 | 1399.08,927.61 | 1380.23,932.25"
136,trails,1,2,"431.31,1272.76 | 432.40,1248.00"
137,trails,1,3,"1376.59,1120.11 | 1364.26,1120.03 | 1343.44,1118.18"
138,trails,1,2,"475.68,1318.55 | 468.32,1295.62"
139,trails,1,5,"454.06,488.33 | 462.60,476.90 | 471.16,465.56 | 474.15,454.91 | 475.52,438.28"
140,trails,1,2,"454.06,488.33 | 442.20,490.70"
141,trails,1,18,"1071.64,372.00 | 1079.17,359.34 | 1099.30,350.16 | 1116.53,354.50 | 1141.27,345.92 | 1160.85,330.76 | 1182.48,352.17 | 1190.91,371.78 | 1190.44,400.13 | 1200.42,410.10 | 1223.97,425.00 | 1237.77,437.82 | 1256.91,443.88 | 1270.76,429.55 | 1288.95,423.35 | 1317.46,414.43 | 1330.08,427.49 | 1341.42,452.70"
142,trails,1,4,"650.52,1360.59 | 617.55,1364.07 | 598.43,1362.79 | 577.51,1374.85"
143,trails,1,2,"1307.76,533.63 | 1300.14,556.34"
144,trails,1,2,"529.16,428.25 | 515.90,421.20"
145,trails,1,2,"523.40,440.80 | 529.16,428.25"
146,trails,1,4,"475.68,1318.55 | 484.70,1327.58 | 492.90,1345.76 | 483.25,1351.16"
147,trails,1,4,"1395.05,712.29 | 1402.81,697.46 | 1415.50,689.80 | 1422.52,697.24"
148,trails,1,2,"1372.76,638.71 | 1350.08,650.18"
149,trails,1,3,"492.38,436.03 | 495.11,431.77 | 515.90,421.20"
150,trails,1,3,"1361.10,591.04 | 1333.46,598.99 | 1364.58,611.75"
151,trails,1,12,"1355.03,1159.32 | 1342.22,1179.13 | 1334.43,1200.49 | 1321.30,1214.22 | 1292.33,1221.32 | 1289.16,1258.38 | 1292.05,1274.32 | 1298.68,1284.95 | 1320.54,1299.86 | 1336.25,1311.18 | 1361.12,1312.25 | 1350.49,1335.20"
152,trails,1,2,"1355.03,1159.32 | 1375.35,1157.31"
153,trails,1,6,"492.38,436.03 | 475.52,438.28 | 460.04,431.81 | 444.03,433.35 | 433.70,428.90 | 423.30,424.40"
154,trails,1,6,"749.13,1474.52 | 731.31,1459.88 | 728.31,1443.35 | 722.92,1424.98 | 732.52,1410.81 | 754.88,1397.87"
155,trails,1,2,"459.04,1267.44 | 431.31,1272.76"
156,trails,1,3,"1256.91,443.88 | 1252.97,466.21 | 1235.64,497.89"
157,trails,1,2,"563.40,1409.56 | 569.31,1391.35"
158,trails,1,5,"563.40,1409.56 | 530.95,1388.06 | 516.94,1382.97 | 494.62,1377.04 | 483.25,1351.16"
159,trails,1,2,"1407.18,883.62 | 1409.25,889.37"
160,trails,1,2,"1352.31,566.53 | 1351.74,554.77"
161,trails,1,3,"1405.42,637.59 | 1392.19,654.17 | 1383.30,669.65"
162,trails,1,3,"436.16,1314.69 | 454.20,1341.46 | 475.68,1318.55"
163,trails,1,6,"519.92,385.76 | 531.08,367.99 | 537.38,376.19 | 548.86,382.06 | 553.60,392.00 | 568.20,381.16"
164,trails,1,2,"1382.02,1147.02 | 1375.35,1157.31"
165,trails,1,5,"1433.80,1136.20 | 1418.57,1127.27 | 1405.01,1122.01 | 1376.59,1120.11 | 1382.02,1147.02"
166,trails,1,2,"1393.68,1165.96 | 1375.35,1157.31"
167,trails,1,12,"726.18,338.03 | 714.22,309.21 | 712.19,299.22 | 710.16,274.94 | 714.91,249.99 | 734.77,250.45 | 752.78,253.27 | 746.87,269.01 | 752.64,284.88 | 764.89,293.57 | 793.53,297.76 | 812.34,301.39"
168,trails,1,16,"661.69,1411.08 | 663.04,1417.08 | 653.78,1448.20 | 632.13,1469.84 | 613.33,1467.22 | 610.09,1483.07 | 606.89,1486.02 | 577.40,1503.41 | 551.39,1506.22 | 545.34,1493.18 | 537.05,1485.71 | 527.05,1472.42 | 525.04,1458.55 | 518.56,1441.38 | 515.82,1425.76 | 492.17,1419.63"
169,trails,1,3,"1344.17,523.99 | 1350.09,535.16 | 1351.74,554.77"
170,trails,1,5,"1350.09,535.16 | 1380.01,534.26 | 1372.40,510.34 | 1367.39,517.81 | 1344.17,523.99"
171,trails,1,3,"1307.76,533.63 | 1330.67,511.83 | 1344.17,523.99"
172,trails,1,3,"1320.15,492.14 | 1323.20,504.40 | 1330.67,511.83"
173,trails,1,2,"446.81,1349.51 | 454.20,1341.46"
174,trails,1,6,"435.78,361.34 | 463.52,366.69 | 476.86,365.40 | 490.30,372.50 | 504.50,380.50 | 519.92,385.76"
175,trails,1,2,"420.54,1331.38 | 425.97,1321.04"
176,trails,1,2,"503.67,1401.68 | 516.94,1382.97"
177,trails,1,6,"1405.42,637.59 | 1408.72,628.81 | 1414.39,623.86 | 1426.57,630.58 | 1448.11,632.91 | 1471.02,634.85"
178,trails,1,2,"1373.98,620.44 | 1405.42,637.59"
179,trails,1,5,"613.33,1467.22 | 602.90,1451.60 | 588.07,1436.53 | 580.87,1413.60 | 563.40,1409.56"
180,trails,1,2,"1393.68,1165.96 | 1380.65,1187.55"
181,trails,1,4,"562.59,339.53 | 563.17,349.64 | 569.60,358.50 | 568.20,381.16"
182,trails,1,4,"749.13,1474.52 | 746.22,1491.00 | 719.46,1485.31 | 702.64,1487.80"
183,trails,1,2,"1399.23,1192.83 | 1380.65,1187.55"
184,trails,1,2,"1242.42,399.76 | 1223.97,425.00"
185,trails,1,5,"1387.53,1209.36 | 1398.01,1204.15 | 1418.97,1219.78 | 1448.98,1216.47 | 1470.43,1224.82"
186,trails,1,2,"1430.42,1164.80 | 1393.68,1165.96"
187,trails,1,3,"361.48,495.84 | 356.70,478.20 | 364.70,462.80"
188,trails,1,6,"388.03,458.87 | 401.20,474.70 | 409.35,486.42 | 419.80,489.70 | 430.31,492.99 | 442.20,490.70"
189,trails,1,8,"420.54,1331.38 | 423.28,1351.21 | 401.22,1364.19 | 387.97,1388.18 | 372.71,1399.14 | 354.71,1401.42 | 334.43,1393.86 | 336.95,1429.89"
190,trails,1,2,"692.92,324.65 | 714.22,309.21"
191,trails,1,2,"353.11,1286.62 | 366.30,1256.88"
192,trails,1,2,"638.10,1485.17 | 632.13,1469.84"
193,trails,1,10,"498.32,1406.41 | 492.17,1419.63 | 471.65,1425.22 | 480.37,1438.75 | 466.34,1458.55 | 450.64,1451.46 | 432.63,1432.44 | 420.07,1405.32 | 396.94,1397.65 | 387.97,1388.18"
194,trails,1,2,"503.67,1401.68 | 498.32,1406.41"
195,trails,1,4,"1320.15,492.14 | 1334.16,480.70 | 1339.61,461.49 | 1341.42,452.70"
196,trails,1,4,"1252.97,466.21 | 1267.11,470.46 | 1288.22,486.66 | 1320.15,492.14"
197,trails,1,2,"357.28,501.26 | 361.48,495.84"
198,trails,1,2,"1399.23,1192.83 | 1398.01,1204.15"
199,trails,1,5,"1472.49,1067.22 | 1461.93,1069.46 | 1445.75,1078.19 | 1432.69,1083.52 | 1426.27,1092.84"
200,trails,1,4,"638.10,1485.17 | 649.38,1501.59 | 653.75,1506.46 | 655.90,1526.32"
201,trails,1,3,"593.26,313.60 | 580.74,319.46 | 562.59,339.53"
202,trails,1,2,"216.28,604.71 | 219.20,624.60"
203,trails,1,2,"490.64,389.28 | 504.50,380.50"
204,trails,1,4,"749.17,1514.36 | 755.42,1525.03 | 766.16,1532.36 | 758.39,1551.06"
205,trails,1,2,"746.22,1491.00 | 749.17,1514.36"
206,trails,1,3,"708.09,1524.27 | 701.18,1505.26 | 702.64,1487.80"
207,trails,1,2,"316.10,1258.71 | 322.02,1221.05"
208,trails,1,2,"446.81,1349.51 | 423.28,1351.21"
209,trails,1,3,"379.91,439.83 | 408.02,432.50 | 394.02,404.14"
210,trails,1,2,"1387.53,1209.36 | 1389.45,1242.11"
211,trails,1,3,"1251.54,368.07 | 1241.08,384.61 | 1242.42,399.76"
212,trails,1,3,"1495.20,1043.69 | 1484.03,1060.12 | 1472.49,1067.22"
213,trails,1,3,"1433.80,1136.20 | 1428.36,1150.95 | 1430.42,1164.80"
214,trails,1,9,"393.64,448.59 | 379.91,439.83 | 375.98,427.28 | 366.39,417.61 | 348.20,417.60 | 329.93,417.63 | 319.59,427.29 | 324.42,396.44 | 317.45,374.99"
215,trails,1,5,"624.35,270.14 | 644.39,270.32 | 662.46,269.96 | 677.08,263.40 | 710.16,274.94"
216,trails,1,3,"1236.36,366.38 | 1251.54,368.07 | 1263.50,368.30"
217,trails,1,3,"1395.98,1276.10 | 1386.61,1260.95 | 1389.45,1242.11"
218,trails,1,5,"755.42,1525.03 | 731.17,1534.38 | 708.09,1524.27 | 682.81,1523.06 | 655.90,1526.32"
219,trails,1,8,"766.16,1532.36 | 788.98,1539.28 | 805.73,1552.39 | 830.87,1555.62 | 836.75,1537.12 | 842.06,1515.83 | 856.30,1501.73 | 871.41,1480.57"
220,trails,1,2,"574.86,295.81 | 583.10,282.80"
221,trails,1,2,"292.10,1246.12 | 299.61,1268.91"
222,trails,1,3,"403.18,379.82 | 394.02,404.14 | 384.97,405.96"
223,trails,1,3,"425.50,389.10 | 403.18,379.82 | 401.96,357.60"
224,trails,1,2,"1250.25,344.75 | 1251.54,368.07"
225,trails,1,2,"316.10,1258.71 | 299.61,1268.91"
226,trails,1,6,"1122.17,264.91 | 1134.90,281.04 | 1136.27,302.15 | 1142.83,315.64 | 1157.06,324.50 | 1160.85,330.76"
227,trails,1,2,"1490.01,1133.87 | 1466.50,1147.90"
228,trails,1,3,"1059.63,1532.32 | 1050.41,1541.81 | 1039.85,1545.35"
229,trails,1,2,"1069.64,1529.11 | 1059.63,1532.32"
230,trails,1,9,"1082.12,242.86 | 1101.77,259.49 | 1103.38,270.81 | 1122.17,264.91 | 1145.81,252.13 | 1164.90,246.19 | 1177.23,245.69 | 1200.31,249.86 | 1224.20,265.16"
231,trails,1,2,"366.39,417.61 | 384.97,405.96"
232,trails,1,3,"995.81,1562.36 | 983.09,1542.95 | 961.63,1533.01"
233,trails,1,5,"1465.30,1195.20 | 1473.17,1190.41 | 1479.42,1179.93 | 1488.86,1185.48 | 1495.16,1197.21"
234,trails,1,6,"567.40,287.80 | 565.20,266.10 | 568.49,254.55 | 580.60,252.20 | 592.74,249.84 | 624.35,270.14"
235,trails,1,4,"341.83,1300.66 | 309.86,1297.41 | 284.11,1282.67 | 299.61,1268.91"
236,trails,1,2,"547.40,271.70 | 565.20,266.10"
237,trails,1,6,"714.91,249.99 | 707.84,230.09 | 698.42,201.87 | 709.42,176.64 | 730.86,159.40 | 742.01,160.25"
238,trails,1,2,"1494.36,1117.50 | 1490.01,1133.87"
239,trails,1,5,"1494.36,1117.50 | 1515.70,1090.92 | 1524.33,1103.79 | 1535.18,1113.93 | 1550.12,1113.30"
240,trails,1,4,"1494.36,1117.50 | 1480.51,1105.13 | 1470.63,1093.39 | 1472.49,1067.22"
241,trails,1,2,"1495.00,1034.56 | 1495.20,1043.69"
242,trails,1,9,"1437.09,944.88 | 1435.90,961.70 | 1442.55,971.37 | 1453.30,977.60 | 1459.50,985.87 | 1461.10,996.20 | 1458.10,1008.57 | 1467.20,1023.70 | 1495.00,1034.56"
243,trails,1,2,"359.93,381.09 | 384.97,405.96"
244,trails,1,2,"337.76,471.88 | 332.38,483.21"
245,trails,1,2,"292.10,1246.12 | 265.10,1249.75"
246,trails,1,7,"1069.64,1529.11 | 1084.86,1549.10 | 1098.70,1553.81 | 1121.63,1550.18 | 1138.42,1555.16 | 1162.34,1551.03 | 1176.90,1547.74"
247,trails,1,3,"995.81,1562.36 | 1001.88,1562.00 | 1039.85,1545.35"
248,trails,1,2,"502.62,276.76 | 503.38,295.82"
249,trails,1,3,"1317.46,414.43 | 1324.07,404.71 | 1339.77,393.07"
250,trails,1,6,"1318.70,371.16 | 1306.80,356.41 | 1295.84,367.94 | 1285.14,373.95 | 1270.61,371.88 | 1263.50,368.30"
251,trails,1,2,"1512.32,1139.22 | 1490.01,1133.87"
252,trails,1,2,"432.47,329.05 | 436.78,335.77"
253,trails,1,10,"466.34,1458.55 | 465.78,1485.33 | 442.43,1497.72 | 433.50,1466.94 | 418.28,1455.93 | 400.94,1453.90 | 379.61,1440.78 | 358.52,1424.77 | 368.65,1414.25 | 372.71,1399.14"
254,trails,1,8,"551.39,1506.22 | 549.27,1522.65 | 534.71,1521.25 | 509.70,1528.61 | 491.53,1531.66 | 472.60,1525.57 | 453.01,1534.58 | 444.99,1553.47"
255,trails,1,2,"1469.57,1164.46 | 1479.42,1179.93"
256,trails,1,4,"249.57,1205.33 | 241.18,1236.37 | 251.20,1245.98 | 265.10,1249.75"
257,trails,1,3,"1504.66,1160.50 | 1491.76,1158.66 | 1469.57,1164.46"
258,trails,1,3,"545.37,297.93 | 543.31,286.04 | 547.40,271.70"
259,trails,1,2,"280.99,469.83 | 269.74,488.84"
260,trails,1,6,"432.47,329.05 | 421.34,324.51 | 405.72,320.92 | 390.50,320.30 | 377.13,315.44 | 367.32,302.23"
261,trails,1,6,"287.15,448.41 | 277.63,431.58 | 271.10,441.80 | 267.09,452.53 | 271.02,462.64 | 280.99,469.83"
262,trails,1,4,"287.15,448.41 | 300.57,429.31 | 313.36,437.84 | 319.59,427.29"
263,trails,1,3,"433.50,1466.94 | 441.40,1464.39 | 466.34,1458.55"
264,trails,1,2,"1512.32,1139.22 | 1504.66,1160.50"
265,trails,1,3,"1258.20,302.78 | 1258.85,307.50 | 1250.25,344.75"
266,trails,1,6,"1306.80,356.41 | 1314.02,343.51 | 1341.63,308.58 | 1334.68,296.81 | 1335.75,279.49 | 1309.31,298.69"
267,trails,1,2,"502.62,276.76 | 491.88,269.64"
268,trails,1,2,"247.53,501.34 | 269.74,488.84"
269,trails,1,4,"286.69,1323.72 | 296.25,1345.33 | 284.49,1354.42 | 266.65,1359.19"
270,trails,1,17,"1515.70,1090.92 | 1522.09,1082.41 | 1532.85,1078.33 | 1554.98,1062.42 | 1564.64,1064.22 | 1579.80,1085.70 | 1590.57,1094.18 | 1601.42,1096.33 | 1618.95,1101.67 | 1630.50,1096.00 | 1635.94,1108.42 | 1641.46,1118.20 | 1652.76,1122.50 | 1653.49,1141.51 | 1671.51,1165.24 | 1660.41,1184.98 | 1654.48,1208.42"
271,trails,1,2,"359.93,381.09 | 370.20,362.40"
272,trails,1,2,"311.33,1329.15 | 296.25,1345.33"
273,trails,1,3,"1258.20,302.78 | 1245.10,280.38 | 1224.20,265.16"
274,trails,1,6,"1395.98,1276.10 | 1402.54,1299.26 | 1407.26,1322.62 | 1394.38,1335.54 | 1379.83,1333.09 | 1350.49,1335.20"
275,trails,1,6,"1082.12,242.86 | 1055.61,232.35 | 1030.99,220.66 | 1014.91,213.29 | 1003.12,198.40 | 993.89,175.88"
276,trails,1,3,"573.29,201.04 | 593.11,225.05 | 592.74,249.84"
277,trails,1,2,"1529.62,1146.43 | 1535.18,1113.93"
278,trails,1,2,"1512.32,1139.22 | 1529.62,1146.43"
279,trails,1,2,"1407.26,1322.62 | 1425.72,1343.76"
280,trails,1,11,"442.43,1497.72 | 427.45,1504.61 | 419.43,1528.39 | 398.20,1514.63 | 408.09,1494.46 | 375.21,1480.00 | 358.36,1472.40 | 350.01,1484.56 | 334.59,1493.34 | 313.07,1490.00 | 301.75,1474.65"
281,trails,1,3,"1520.70,1213.40 | 1526.08,1193.69 | 1495.16,1197.21"
282,trails,1,2,"250.06,463.52 | 280.99,469.83"
283,trails,1,3,"205.84,1241.96 | 206.70,1230.30 | 207.59,1218.64"
284,trails,1,4,"442.43,1497.72 | 451.86,1512.52 | 453.01,1534.58 | 419.43,1528.39"
285,trails,1,3,"1459.09,1321.70 | 1448.08,1320.47 | 1425.72,1343.76"
286,trails,1,7,"300.57,429.31 | 274.06,404.22 | 272.53,377.34 | 267.62,350.04 | 262.57,332.40 | 279.26,317.77 | 296.70,308.37"
287,trails,1,2,"250.06,463.52 | 249.52,453.30"
288,trails,1,2,"240.63,481.67 | 250.06,463.52"
289,trails,1,2,"374.13,1460.93 | 379.61,1440.78"
290,trails,1,3,"1318.70,371.16 | 1330.32,378.37 | 1339.77,393.07"
291,trails,1,6,"1146.95,168.59 | 1136.43,179.88 | 1131.21,198.65 | 1122.91,210.92 | 1127.80,228.63 | 1145.81,252.13"
292,trails,1,2,"301.35,1405.09 | 334.43,1393.86"
293,trails,1,2,"351.79,1443.77 | 358.52,1424.77"
294,trails,1,3,"408.09,1494.46 | 419.52,1485.63 | 433.50,1466.94"
295,trails,1,3,"1466.21,1295.96 | 1459.09,1321.70 | 1460.91,1330.44"
296,trails,1,2,"247.53,501.34 | 240.63,481.67"
297,trails,1,3,"198.68,617.20 | 156.60,612.90 | 136.11,612.88"
298,trails,1,2,"215.80,493.60 | 224.05,485.52"
299,trails,1,2,"273.35,1323.76 | 247.43,1311.60"
300,trails,1,2,"351.79,1443.77 | 336.95,1429.89"
301,trails,1,2,"375.21,1480.00 | 374.13,1460.93"
302,trails,1,3,"1471.36,1273.34 | 1466.21,1295.96 | 1492.99,1294.28"
303,trails,1,4,"573.29,201.04 | 551.56,197.02 | 559.29,181.65 | 560.68,155.37"
304,trails,1,2,"276.84,1378.64 | 266.65,1359.19"
305,trails,1,2,"290.72,382.68 | 317.45,374.99"
306,trails,1,2,"208.63,502.68 | 215.80,493.60"
307,trails,1,2,"327.70,1437.04 | 336.95,1429.89"
308,trails,1,5,"165.06,568.69 | 165.89,583.20 | 174.90,595.10 | 192.30,590.96 | 201.42,595.32"
309,trails,1,2,"1285.71,279.85 | 1309.31,298.69"
310,trails,1,4,"1285.71,279.85 | 1273.62,254.17 | 1258.70,233.56 | 1240.10,214.04"
311,trails,1,4,"1258.20,302.78 | 1272.02,292.29 | 1280.37,287.77 | 1285.71,279.85"
312,trails,1,3,"301.35,1405.09 | 292.28,1388.08 | 276.84,1378.64"
313,trails,1,2,"254.85,1360.48 | 266.65,1359.19"
314,trails,1,2,"254.85,1360.48 | 251.82,1344.24"
315,trails,1,2,"427.45,1504.61 | 419.52,1485.63"
316,trails,1,3,"249.57,1205.33 | 260.53,1204.49 | 271.93,1198.34"
317,trails,1,3,"241.18,1236.37 | 225.59,1234.62 | 205.84,1241.96"
318,trails,1,3,"1546.05,1228.95 | 1530.56,1222.18 | 1520.70,1213.40"
319,trails,1,2,"215.50,1326.74 | 215.89,1353.43"
320,trails,1,2,"230.38,1346.02 | 247.43,1311.60"
321,trails,1,3,"355.49,1505.65 | 360.24,1490.07 | 375.21,1480.00"
322,trails,1,2,"272.53,377.34 | 290.72,382.68"
323,trails,1,2,"344.40,310.50 | 332.88,316.01"
324,trails,1,5,"198.01,1295.68 | 203.30,1283.00 | 198.80,1266.88 | 202.30,1254.40 | 205.84,1241.96"
325,trails,1,5,"645.64,142.20 | 649.70,160.67 | 658.36,172.21 | 666.22,179.72 | 698.42,201.87"
326,trails,1,2,"1245.10,280.38 | 1273.62,254.17"
327,trails,1,2,"725.67,133.99 | 730.86,159.40"
328,trails,1,2,"124.70,636.42 | 136.11,612.88"
329,trails,1,2,"1501.60,1279.70 | 1492.99,1294.28"
330,trails,1,3,"143.86,1224.60 | 128.87,1253.52 | 124.43,1256.91"
331,trails,1,3,"215.50,1326.74 | 198.01,1295.68 | 192.76,1304.20"
332,trails,1,6,"132.23,590.07 | 151.50,581.40 | 165.06,568.69 | 175.80,557.90 | 171.10,538.20 | 158.02,519.45"
333,trails,1,3,"517.21,179.69 | 531.11,191.02 | 551.56,197.02"
334,trails,1,3,"119.17,607.12 | 121.94,609.79 | 136.11,612.88"
335,trails,1,8,"119.17,607.12 | 132.23,590.07 | 131.72,567.98 | 123.78,556.95 | 99.72,546.20 | 102.22,533.86 | 116.18,515.10 | 147.39,518.77"
336,trails,1,12,"208.63,502.68 | 197.01,496.02 | 181.48,495.38 | 168.40,494.10 | 155.40,492.83 | 154.79,476.64 | 145.56,459.54 | 136.57,451.16 | 128.09,414.82 | 112.10,415.80 | 103.90,387.70 | 119.18,380.74"
337,trails,1,5,"144.25,655.20 | 137.69,650.35 | 124.70,636.42 | 107.39,622.39 | 81.66,627.86"
338,trails,1,4,"122.20,1175.20 | 114.80,1166.80 | 113.79,1153.32 | 119.56,1138.07"
339,trails,1,3,"215.50,1326.74 | 186.60,1320.40 | 192.76,1304.20"
340,trails,1,2,"581.48,155.39 | 560.68,155.37"
341,trails,1,3,"573.29,201.04 | 571.72,191.50 | 581.48,155.39"
342,trails,1,2,"1546.05,1228.95 | 1560.28,1236.92"
343,trails,1,2,"119.17,607.12 | 107.39,622.39"
344,trails,1,3,"155.40,492.83 | 158.02,519.45 | 147.39,518.77"
345,trails,1,4,"645.64,142.20 | 626.08,142.02 | 589.08,133.90 | 581.48,155.39"
346,trails,1,3,"222.51,1383.68 | 214.68,1370.27 | 215.89,1353.43"
347,trails,1,2,"142.38,1174.54 | 122.20,1175.20"
348,trails,1,12,"1146.95,168.59 | 1149.49,142.03 | 1135.90,139.20 | 1123.51,134.94 | 1115.50,126.00 | 1110.73,119.52 | 1109.72,114.70 | 1115.80,104.10 | 1116.25,93.73 | 1111.00,83.60 | 1099.99,73.69 | 1096.27,54.96"
349,trails,1,4,"288.32,1448.91 | 301.75,1474.65 | 285.00,1484.43 | 269.15,1479.41"
350,trails,1,3,"327.70,1437.04 | 310.91,1447.63 | 288.32,1448.91"
351,trails,1,2,"355.49,1505.65 | 334.59,1493.34"
352,trails,1,3,"1584.31,1227.29 | 1572.30,1228.27 | 1560.28,1236.92"
353,trails,1,10,"1523.00,1290.60 | 1531.86,1297.53 | 1545.54,1299.30 | 1561.88,1289.49 | 1559.62,1307.15 | 1549.10,1318.30 | 1556.60,1318.30 | 1566.40,1318.70 | 1578.84,1308.37 | 1561.88,1289.49"
354,trails,1,2,"344.40,310.50 | 367.32,302.23"
355,trails,1,3,"324.47,330.95 | 326.06,321.78 | 332.88,316.01"
356,trails,1,5,"444.44,190.03 | 453.75,205.12 | 465.39,228.27 | 482.35,242.32 | 491.88,269.64"
357,trails,1,3,"109.10,1198.80 | 116.35,1187.31 | 122.20,1175.20"
358,trails,1,5,"114.80,1166.80 | 101.86,1170.97 | 89.40,1171.60 | 83.10,1156.40 | 75.50,1155.10"
359,trails,1,14,"1401.86,1490.05 | 1393.03,1472.11 | 1382.37,1471.82 | 1372.09,1480.83 | 1349.74,1482.72 | 1331.84,1482.64 | 1321.45,1489.69 | 1310.90,1507.48 | 1291.45,1524.33 | 1273.52,1527.78 | 1254.26,1530.78 | 1234.86,1527.69 | 1220.42,1510.46 | 1202.83,1491.59"
360,trails,1,5,"1220.42,1510.46 | 1212.87,1519.36 | 1207.40,1535.36 | 1196.35,1543.47 | 1176.90,1547.74"
361,trails,1,6,"324.47,330.95 | 296.70,308.37 | 294.61,285.10 | 297.45,276.55 | 286.32,252.47 | 274.57,234.43"
362,trails,1,3,"1526.58,1310.65 | 1542.00,1314.30 | 1549.10,1318.30"
363,trails,1,6,"725.67,133.99 | 726.33,115.28 | 713.02,88.94 | 716.96,77.61 | 722.35,71.48 | 746.75,56.87"
364,trails,1,2,"186.60,1320.40 | 171.69,1324.44"
365,trails,1,2,"101.88,1210.22 | 109.10,1198.80"
366,trails,1,5,"313.07,1490.00 | 314.11,1502.85 | 299.97,1514.60 | 269.26,1504.45 | 269.15,1479.41"
367,trails,1,2,"1529.33,1350.98 | 1534.07,1346.82"
368,trails,1,3,"356.86,1543.43 | 357.64,1538.22 | 355.49,1505.65"
369,trails,1,3,"534.78,131.85 | 551.72,148.08 | 560.68,155.37"
370,trails,1,3,"153.25,1341.47 | 164.30,1337.10 | 171.69,1324.44"
371,trails,1,3,"560.23,119.06 | 573.64,126.01 | 589.08,133.90"
372,trails,1,3,"214.39,1411.98 | 189.26,1393.91 | 222.51,1383.68"
373,trails,1,4,"534.78,131.85 | 560.23,119.06 | 552.17,98.95 | 539.19,92.20"
374,trails,1,4,"534.78,131.85 | 530.29,127.46 | 517.89,117.56 | 539.19,92.20"
375,trails,1,8,"45.74,723.51 | 41.34,713.33 | 28.30,704.03 | 31.63,686.17 | 23.22,661.42 | 42.86,653.11 | 59.21,636.33 | 81.66,627.86"
376,trails,1,3,"45.74,723.51 | 38.41,733.79 | 38.10,744.80"
377,trails,1,3,"80.81,735.27 | 63.70,735.40 | 45.74,723.51"
378,trails,1,2,"1583.25,1197.79 | 1584.31,1227.29"
379,trails,1,2,"189.26,1393.91 | 193.49,1368.80"
380,trails,1,2,"101.77,1257.98 | 110.40,1243.53"
381,trails,1,4,"71.50,1190.98 | 72.04,1180.70 | 78.82,1174.14 | 89.40,1171.60"
382,trails,1,17,"262.57,332.40 | 249.04,334.63 | 229.47,329.57 | 224.13,317.33 | 208.81,302.18 | 199.70,275.30 | 189.57,251.66 | 163.23,243.49 | 143.70,225.72 | 133.87,210.96 | 132.69,199.70 | 137.93,188.31 | 142.58,163.69 | 156.96,142.02 | 170.95,130.44 | 179.26,112.43 | 190.48,102.50"
383,trails,1,2,"299.97,1514.60 | 320.23,1537.31"
384,trails,1,2,"101.77,1257.98 | 83.59,1264.17"
385,trails,1,2,"101.77,1257.98 | 102.95,1265.21"
386,trails,1,4,"632.40,72.04 | 636.79,94.26 | 643.92,127.12 | 645.64,142.20"
387,trails,1,10,"213.10,1423.76 | 218.92,1433.34 | 220.10,1445.36 | 212.06,1449.83 | 203.16,1460.24 | 189.52,1475.36 | 161.42,1469.47 | 171.00,1445.71 | 157.88,1429.23 | 141.56,1420.79"
388,trails,1,2,"214.39,1411.98 | 213.10,1423.76"
389,trails,1,7,"99.72,546.20 | 76.51,560.84 | 61.64,551.28 | 37.35,575.55 | 27.01,591.33 | 55.17,605.97 | 81.66,627.86"
390,trails,1,5,"5.37,773.34 | 27.93,773.65 | 48.76,773.18 | 34.60,764.90 | 38.10,744.80"
391,trails,1,2,"170.82,1406.10 | 189.26,1393.91"
392,trails,1,2,"170.82,1406.10 | 170.02,1379.91"
393,trails,1,3,"228.54,1488.04 | 244.27,1487.32 | 269.15,1479.41"
394,trails,1,2,"120.45,1268.33 | 102.95,1265.21"
395,trails,1,4,"1395.84,238.66 | 1390.38,228.43 | 1379.06,220.73 | 1366.49,204.51"
396,trails,1,7,"1335.75,279.49 | 1346.95,279.08 | 1355.40,272.21 | 1365.92,264.25 | 1380.69,260.23 | 1388.33,252.37 | 1395.84,238.66"
397,trails,1,2,"713.02,88.94 | 694.78,61.55"
398,trails,1,2,"655.15,56.76 | 694.78,61.55"
399,trails,1,22,"1529.33,1350.98 | 1519.62,1362.85 | 1514.50,1374.90 | 1509.47,1386.90 | 1509.64,1395.80 | 1509.26,1401.40 | 1509.03,1408.09 | 1505.85,1413.68 | 1493.87,1418.83 | 1480.50,1420.70 | 1470.83,1426.95 | 1464.80,1437.50 | 1467.48,1450.01 | 1475.25,1460.25 | 1485.86,1462.00 | 1498.24,1457.65 | 1512.73,1463.81 | 1526.10,1462.70 | 1528.40,1468.00 | 1523.15,1490.00 | 1510.02,1505.33 | 1523.06,1509.79"
400,trails,1,7,"116.70,1322.90 | 99.12,1328.03 | 75.66,1344.19 | 50.74,1345.86 | 41.23,1327.92 | 31.39,1321.87 | 11.65,1318.37"
401,trails,1,4,"146.70,1375.90 | 154.40,1364.95 | 156.60,1353.50 | 153.25,1341.47"
402,trails,1,12,"1583.25,1197.79 | 1600.28,1208.79 | 1617.07,1214.47 | 1628.47,1214.31 | 1635.31,1212.32 | 1654.48,1208.42 | 1661.81,1227.86 | 1658.45,1250.10 | 1672.05,1256.93 | 1680.81,1258.99 | 1695.90,1258.40 | 1710.29,1258.58"
403,trails,1,6,"613.39,61.17 | 632.40,72.04 | 655.15,56.76 | 655.47,40.35 | 660.77,11.48 | 633.84,4.27"
404,trails,1,2,"23.22,661.42 | 14.65,662.66"
405,trails,1,4,"470.37,132.83 | 475.68,124.77 | 492.48,117.12 | 517.89,117.56"
406,trails,1,6,"71.50,1190.98 | 68.40,1211.60 | 50.99,1228.66 | 28.64,1223.70 | 23.38,1203.24 | 29.48,1173.04"
407,trails,1,7,"7.81,1116.60 | 12.35,1137.75 | 16.09,1160.47 | 29.48,1173.04 | 43.87,1184.43 | 58.41,1185.86 | 71.50,1190.98"
408,trails,1,5,"34.60,764.90 | 27.93,773.65 | 28.80,785.00 | 29.69,796.34 | 25.79,811.31"
409,trails,1,2,"219.96,1506.36 | 228.54,1488.04"
410,trails,1,3,"249.12,1529.33 | 256.30,1519.66 | 269.26,1504.45"
411,trails,1,2,"356.86,1543.43 | 320.23,1537.31"
412,trails,1,3,"433.16,141.80 | 442.49,132.86 | 470.37,132.83"
413,trails,1,4,"433.16,141.80 | 403.82,132.23 | 405.48,118.56 | 416.84,98.20"
414,trails,1,3,"444.44,190.03 | 438.68,158.84 | 433.16,141.80"
415,trails,1,3,"581.24,44.59 | 594.55,50.75 | 613.39,61.17"
416,trails,1,8,"1401.86,1490.05 | 1420.53,1495.17 | 1432.92,1502.73 | 1447.88,1505.78 | 1459.65,1514.71 | 1467.78,1531.90 | 1450.99,1547.06 | 1468.22,1548.66"
417,trails,1,4,"143.64,1405.95 | 141.56,1420.79 | 110.89,1428.24 | 91.48,1430.72"
418,trails,1,2,"170.82,1406.10 | 143.64,1405.95"
419,trails,1,2,"200.69,1490.29 | 189.52,1475.36"
420,trails,1,4,"737.70,8.90 | 741.19,24.79 | 747.58,39.17 | 746.75,56.87"
421,trails,1,2,"46.47,1272.63 | 83.59,1264.17"
422,trails,1,8,"1528.40,1468.00 | 1539.42,1461.58 | 1553.98,1465.84 | 1559.56,1468.31 | 1567.30,1490.37 | 1581.95,1474.89 | 1570.94,1474.17 | 1559.56,1468.31"
423,trails,1,2,"403.82,132.23 | 381.20,132.59"
424,trails,1,3,"200.69,1490.29 | 200.95,1501.14 | 193.66,1519.09"
425,trails,1,3,"249.12,1529.33 | 219.96,1506.36 | 200.95,1501.14"
426,trails,1,2,"23.41,553.02 | 37.35,575.55"
427,trails,1,4,"1493.68,1511.37 | 1478.76,1530.01 | 1467.78,1531.90 | 1468.22,1548.66"
428,trails,1,2,"1493.68,1511.37 | 1510.02,1505.33"
429,trails,1,2,"23.41,553.02 | 29.70,541.44"
430,trails,1,8,"452.65,16.87 | 467.27,18.27 | 483.04,28.20 | 498.26,41.59 | 519.75,46.87 | 524.92,54.75 | 553.47,72.82 | 539.19,92.20"
431,trails,1,7,"199.70,275.30 | 220.26,258.69 | 227.01,244.90 | 224.37,227.50 | 237.85,219.55 | 246.84,205.09 | 274.57,234.43"
432,trails,1,8,"553.47,72.82 | 571.11,63.68 | 581.24,44.59 | 582.51,28.16 | 576.38,9.86 | 590.31,4.63 | 621.27,6.83 | 633.84,4.27"
433,trails,1,2,"8.21,1228.25 | 28.64,1223.70"
434,trails,1,2,"23.41,553.02 | 10.36,548.87"
435,trails,1,4,"145.91,321.58 | 164.81,311.53 | 174.96,297.23 | 199.70,275.30"
436,trails,1,5,"46.47,1272.63 | 38.05,1270.28 | 28.62,1252.36 | 17.20,1242.77 | 8.21,1228.25"
437,trails,1,4,"102.02,336.89 | 105.40,348.80 | 115.53,362.99 | 119.18,380.74"
438,trails,1,3,"9.43,1295.75 | 26.46,1287.76 | 38.05,1270.28"
439,trails,1,2,"576.38,9.86 | 556.79,14.31"
440,trails,1,10,"1671.51,1165.24 | 1685.92,1189.33 | 1696.87,1190.46 | 1711.81,1184.43 | 1723.91,1183.12 | 1740.85,1193.77 | 1732.22,1203.15 | 1722.91,1214.70 | 1714.49,1230.52 | 1710.29,1258.58"
441,trails,1,3,"102.02,336.89 | 130.55,331.43 | 145.91,321.58"
442,trails,1,3,"1547.97,1522.32 | 1559.55,1508.86 | 1559.56,1468.31"
443,trails,1,11,"246.84,205.09 | 243.78,177.71 | 242.63,169.48 | 255.85,157.65 | 270.51,154.27 | 275.03,149.23 | 287.51,141.36 | 293.37,129.20 | 294.51,105.88 | 290.09,84.88 | 279.25,70.29"
444,trails,1,2,"1547.97,1522.32 | 1523.06,1509.79"
445,trails,1,6,"307.67,117.12 | 327.30,110.46 | 353.67,110.77 | 364.47,110.23 | 373.15,114.02 | 381.20,132.59"
446,trails,1,2,"9.43,1295.75 | 11.65,1318.37"
447,trails,1,3,"147.29,1519.91 | 164.78,1515.26 | 193.66,1519.09"
448,trails,1,3,"102.02,336.89 | 98.38,329.01 | 89.33,324.14"
449,trails,1,3,"147.29,1519.91 | 149.40,1535.30 | 166.72,1551.92"
450,trails,1,4,"519.75,46.87 | 520.94,33.16 | 531.65,24.49 | 556.79,14.31"
451,trails,1,2,"307.67,117.12 | 294.51,105.88"
452,trails,1,5,"1567.30,1490.37 | 1597.35,1501.32 | 1589.39,1524.05 | 1579.85,1519.67 | 1547.97,1522.32"
453,trails,1,2,"1610.30,1492.90 | 1597.35,1501.32"
454,trails,1,5,"30.36,1453.16 | 45.27,1442.64 | 57.58,1432.29 | 71.85,1428.80 | 91.48,1430.72"
455,trails,1,8,"339.17,39.25 | 347.17,45.56 | 350.32,56.06 | 368.27,69.87 | 383.55,73.07 | 396.85,78.71 | 404.72,88.18 | 416.84,98.20"
456,trails,1,18,"1610.30,1492.90 | 1623.55,1497.20 | 1636.10,1497.10 | 1648.62,1497.04 | 1659.70,1493.20 | 1670.79,1489.34 | 1678.33,1490.07 | 1688.80,1495.90 | 1703.79,1500.04 | 1720.35,1497.48 | 1735.96,1506.79 | 1747.73,1505.02 | 1763.40,1503.30 | 1779.10,1501.48 | 1792.90,1509.62 | 1789.40,1520.90 | 1790.13,1533.39 | 1799.34,1548.13"
457,trails,1,3,"107.50,1523.81 | 100.07,1511.81 | 77.47,1494.55"
458,trails,1,2,"110.51,1525.31 | 107.50,1523.81"
459,trails,1,2,"110.51,1525.31 | 103.85,1553.89"
460,trails,1,2,"147.29,1519.91 | 110.51,1525.31"
461,trails,1,7,"30.36,1453.16 | 39.19,1464.18 | 40.90,1473.77 | 42.74,1482.93 | 48.93,1490.20 | 54.05,1503.19 | 77.47,1494.55"
462,trails,1,5,"452.65,16.87 | 414.54,12.68 | 402.11,10.10 | 389.38,13.34 | 357.95,8.48"
463,trails,1,6,"396.85,78.71 | 422.95,69.93 | 431.09,58.98 | 434.01,43.08 | 447.73,29.19 | 452.65,16.87"
464,trails,1,7,"265.96,64.07 | 281.13,62.32 | 291.34,51.16 | 297.44,40.55 | 309.01,33.98 | 339.17,39.25 | 357.95,8.48"
465,trails,1,5,"242.63,169.48 | 219.38,153.67 | 208.12,144.88 | 198.85,127.52 | 190.48,102.50"
466,trails,1,6,"203.15,32.40 | 190.74,37.52 | 176.93,49.04 | 173.11,59.62 | 175.42,74.55 | 190.48,102.50"
467,trails,1,11,"179.26,112.43 | 168.07,110.37 | 147.12,83.86 | 137.42,90.38 | 124.40,99.56 | 118.19,111.01 | 95.92,122.00 | 106.89,140.22 | 124.74,150.92 | 127.04,154.85 | 142.58,163.69"
468,trails,1,7,"203.15,32.40 | 219.91,24.07 | 238.54,20.30 | 250.41,16.24 | 261.44,18.65 | 265.18,32.12 | 265.96,64.07"
469,trails,1,2,"1600.28,1208.79 | 1584.31,1227.29"
470,trails,1,4,"176.93,49.04 | 162.27,31.64 | 153.29,22.66 | 150.84,9.25"
471,trails,1,4,"98.18,47.98 | 101.17,67.40 | 119.94,79.94 | 147.12,83.86"
472,trails,1,2,"1485.76,1547.34 | 1468.22,1548.66"
473,trails,1,4,"106.18,31.87 | 114.19,24.63 | 129.94,13.12 | 150.84,9.25"
474,trails,1,3,"114.19,24.63 | 102.20,15.08 | 84.35,8.86"
475,trails,1,2,"98.18,47.98 | 106.18,31.87"
476,searoutes,2,58,"1554.98,1062.42 | 1563.36,1059.65 | 1556.10,1041.70 | 1570.63,1038.36 | 1580.60,1050.10 | 1590.59,1061.84 | 1599.10,1069.20 | 1610.42,1070.79 | 1623.80,1070.90 | 1637.19,1070.95 | 1645.80,1079.30 | 1654.46,1087.61 | 1663.00,1103.50 | 1671.60,1119.30 | 1682.60,1120.00 | 1693.65,1120.72 | 1698.40,1128.46 | 1702.20,1139.50 | 1706.04,1150.58 | 1706.69,1158.20 | 1720.50,1165.00 | 1734.29,1171.79 | 1746.51,1170.12 | 1767.74,1170.46 | 1775.99,1186.76 | 1789.62,1199.60 | 1790.40,1218.10 | 1804.90,1230.60 | 1818.62,1224.52 | 1835.50,1236.60 | 1826.44,1251.46 | 1819.50,1261.60 | 1812.56,1271.78 | 1799.40,1268.70 | 1786.18,1265.65 | 1766.42,1265.51 | 1753.50,1266.10 | 1740.57,1266.74 | 1725.94,1264.83 | 1712.40,1269.90 | 1698.91,1274.93 | 1688.60,1269.20 | 1678.32,1263.52 | 1664.70,1262.04 | 1654.40,1269.70 | 1644.15,1277.37 | 1627.03,1275.69 | 1611.40,1272.80 | 1599.00,1255.40 | 1586.70,1242.20 | 1571.18,1243.52 | 1561.87,1240.51 | 1549.60,1247.50 | 1528.20,1240.30 | 1518.99,1225.96 | 1506.40,1219.20 | 1493.71,1212.50 | 1495.16,1197.21"
477,searoutes,2,7,"1495.20,1043.69 | 1501.81,1039.72 | 1512.80,1031.60 | 1523.72,1023.52 | 1536.30,1023.70 | 1548.87,1023.79 | 1556.10,1041.70"
478,searoutes,2,2,"1658.45,1250.10 | 1664.70,1262.04"
479,searoutes,2,2,"1671.60,1119.30 | 1652.76,1122.50"
480,searoutes,2,4,"1493.71,1212.50 | 1486.81,1219.27 | 1482.90,1231.50 | 1470.43,1224.82"
481,searoutes,2,10,"1512.80,1031.60 | 1503.60,1003.30 | 1488.59,1002.24 | 1489.19,981.15 | 1478.86,969.35 | 1465.75,972.72 | 1462.20,958.60 | 1458.66,944.46 | 1444.46,936.39 | 1437.09,944.88"
482,searoutes,2,4,"1561.88,1289.49 | 1559.80,1277.50 | 1554.80,1264.80 | 1549.60,1247.50"
483,searoutes,2,13,"1559.80,1277.50 | 1572.21,1274.97 | 1584.00,1272.40 | 1600.80,1281.10 | 1603.60,1281.30 | 1605.88,1292.19 | 1594.58,1306.02 | 1594.90,1320.20 | 1578.11,1340.36 | 1561.80,1352.10 | 1545.50,1363.90 | 1533.96,1364.73 | 1534.07,1346.82"
484,searoutes,2,2,"1611.40,1272.80 | 1603.60,1281.30"
485,searoutes,2,13,"1471.02,634.85 | 1483.02,631.46 | 1489.10,647.10 | 1495.25,662.82 | 1487.50,681.41 | 1475.67,685.34 | 1463.26,701.08 | 1452.20,699.00 | 1441.11,696.85 | 1428.90,711.40 | 1416.60,725.93 | 1405.26,727.98 | 1395.05,712.29"
486,searoutes,2,2,"1405.26,727.98 | 1386.66,733.91"
487,searoutes,2,9,"1405.26,727.98 | 1403.70,740.30 | 1402.17,752.70 | 1405.39,762.21 | 1395.20,770.40 | 1385.10,778.63 | 1386.40,790.00 | 1387.66,801.34 | 1380.11,806.11"
488,searoutes,2,9,"1407.18,883.62 | 1415.52,882.23 | 1420.60,871.20 | 1425.73,860.10 | 1415.30,849.00 | 1404.84,837.94 | 1399.80,823.20 | 1394.82,808.49 | 1387.66,801.34"
489,searoutes,2,11,"1529.33,1350.98 | 1533.96,1364.73 | 1531.67,1371.08 | 1529.40,1385.30 | 1527.22,1399.60 | 1528.00,1414.50 | 1528.81,1429.44 | 1524.30,1439.50 | 1519.75,1449.52 | 1502.60,1445.20 | 1498.24,1457.65"
490,searoutes,2,4,"1553.98,1465.84 | 1553.81,1453.22 | 1534.87,1453.01 | 1519.75,1449.52"
491,searoutes,2,7,"1409.25,889.37 | 1415.52,882.23 | 1433.20,883.70 | 1443.40,896.70 | 1435.92,908.20 | 1438.35,919.42 | 1444.46,936.39"
492,searoutes,2,2,"1564.64,1064.22 | 1563.36,1059.65"
493,searoutes,11,6,"403.36,1241.16 | 407.67,1228.54 | 390.80,1208.80 | 371.84,1208.92 | 353.70,1214.07 | 343.54,1210.17"
494,searoutes,11,8,"371.84,1208.92 | 366.90,1196.40 | 362.04,1183.85 | 342.70,1174.40 | 328.09,1177.39 | 317.00,1184.50 | 305.99,1191.59 | 305.74,1204.64"
495,searoutes,11,4,"305.99,1191.59 | 285.60,1179.10 | 274.71,1181.52 | 271.93,1198.34"
496,searoutes,11,7,"457.61,1255.20 | 467.48,1252.07 | 455.50,1229.20 | 438.15,1222.66 | 427.90,1226.10 | 417.55,1229.63 | 407.67,1228.54"
497,searoutes,11,14,"607.18,1231.66 | 604.21,1230.41 | 591.30,1229.80 | 578.37,1229.12 | 572.56,1240.57 | 561.80,1246.20 | 550.98,1251.74 | 538.40,1248.50 | 525.76,1245.23 | 514.84,1240.97 | 503.00,1248.30 | 491.15,1255.60 | 479.30,1253.80 | 467.48,1252.07"
498,searoutes,11,15,"198.01,1295.68 | 188.47,1299.73 | 189.40,1282.90 | 190.34,1266.00 | 186.40,1255.00 | 182.53,1243.95 | 185.32,1227.91 | 190.53,1213.54 | 201.30,1209.00 | 212.15,1204.37 | 220.20,1196.40 | 228.15,1188.36 | 247.86,1186.10 | 261.30,1183.80 | 274.71,1181.52"
499,searoutes,11,6,"142.38,1174.54 | 155.52,1175.55 | 160.50,1195.00 | 165.46,1214.42 | 178.00,1214.00 | 190.53,1213.54"
500,searoutes,11,5,"192.76,1304.20 | 188.47,1299.73 | 177.80,1304.70 | 175.23,1316.78 | 171.69,1324.44"
501,searoutes,11,8,"128.87,1253.52 | 136.06,1263.51 | 135.70,1277.90 | 135.35,1292.35 | 148.70,1290.40 | 155.60,1298.10 | 164.60,1299.00 | 177.80,1304.70"
502,searoutes,11,5,"136.06,1263.51 | 152.10,1256.80 | 164.30,1235.50 | 160.51,1220.98 | 165.46,1214.42"
503,searoutes,11,2,"136.06,1263.51 | 124.43,1256.91"
504,searoutes,11,8,"175.23,1316.78 | 167.15,1309.61 | 149.25,1307.70 | 142.40,1320.80 | 135.45,1333.96 | 139.40,1348.50 | 143.34,1362.95 | 136.72,1368.30"
505,searoutes,11,15,"629.34,1052.92 | 625.59,1044.25 | 609.30,1052.90 | 598.50,1072.80 | 603.94,1083.96 | 607.34,1094.03 | 618.68,1111.10 | 619.30,1123.20 | 619.86,1135.27 | 624.85,1155.77 | 619.30,1171.70 | 613.72,1187.53 | 602.33,1203.03 | 603.30,1216.70 | 604.21,1230.41"
506,searoutes,11,120,"80.81,735.27 | 88.30,737.37 | 95.44,743.00 | 106.80,732.80 | 118.24,722.62 | 131.91,711.23 | 148.00,704.30 | 164.14,697.29 | 161.67,681.77 | 178.10,672.60 | 176.22,654.48 | 190.10,650.00 | 204.07,645.42 | 220.56,632.43 | 235.00,637.50 | 249.49,642.57 | 263.50,633.80 | 270.50,614.30 | 263.48,603.74 | 256.00,596.10 | 265.11,585.42 | 272.20,573.10 | 279.34,560.69 | 291.00,552.70 | 302.70,544.67 | 316.15,535.67 | 324.60,525.60 | 340.07,529.08 | 353.30,527.80 | 366.61,526.60 | 379.53,523.93 | 382.70,513.10 | 390.30,513.00 | 401.02,502.10 | 416.50,509.10 | 431.96,516.11 | 442.70,518.20 | 453.51,520.23 | 462.80,498.60 | 474.50,484.50 | 486.65,466.48 | 499.90,465.50 | 513.05,464.46 | 526.80,461.10 | 529.56,445.34 | 539.70,435.40 | 549.93,425.50 | 559.30,414.80 | 568.60,404.18 | 577.10,388.10 | 585.59,372.07 | 590.58,359.21 | 610.90,349.60 | 635.90,346.50 | 649.30,347.90 | 658.30,348.30 | 681.30,358.30 | 690.77,348.89 | 704.22,348.83 | 716.10,349.90 | 727.90,350.90 | 740.35,351.81 | 736.40,366.40 | 744.40,384.80 | 756.51,388.60 | 772.01,393.56 | 772.10,407.60 | 792.91,419.87 | 791.10,436.10 | 802.00,452.20 | 811.90,463.00 | 809.09,474.10 | 812.80,486.00 | 816.51,497.94 | 821.65,515.28 | 829.50,526.70 | 830.30,543.40 | 831.01,560.03 | 831.54,576.30 | 827.20,589.40 | 822.79,602.42 | 814.33,613.28 | 803.20,618.30 | 794.70,635.50 | 797.25,647.75 | 794.13,669.16 | 787.05,674.99 | 774.60,684.30 | 762.10,693.58 | 758.92,703.64 | 761.00,715.50 | 774.50,723.40 | 787.30,738.50 | 788.75,757.65 | 797.94,775.47 | 802.60,787.40 | 807.33,799.39 | 811.25,810.86 | 810.65,830.35 | 803.40,843.00 | 796.09,855.67 | 780.90,861.40 | 768.70,878.40 | 759.18,885.51 | 746.40,890.90 | 733.63,896.29 | 715.87,898.22 | 707.90,910.60 | 699.85,923.06 | 682.50,929.44 | 675.06,939.32 | 673.80,950.70 | 672.54,962.01 | 659.20,970.70 | 645.86,979.29 | 628.28,987.06 | 615.64,1004.05 | 614.70,1020.10 | 613.66,1036.18 | 609.30,1052.90"
507,searoutes,11,16,"155.52,1175.55 | 156.90,1164.80 | 158.23,1153.95 | 157.64,1141.56 | 145.99,1141.72 | 140.30,1127.70 | 123.40,1113.90 | 112.32,1114.24 | 91.58,1109.48 | 79.48,1124.51 | 62.68,1127.98 | 49.30,1121.60 | 31.50,1132.40 | 27.10,1149.73 | 41.21,1155.63 | 29.48,1173.04"
508,searoutes,11,6,"216.28,604.71 | 225.11,590.85 | 233.20,582.50 | 241.28,574.11 | 253.20,579.80 | 272.20,573.10"
509,searoutes,11,2,"613.66,1036.18 | 625.59,1044.25"
510,searoutes,11,3,"797.94,775.47 | 814.68,765.89 | 821.88,766.54"
511,searoutes,11,2,"241.28,574.11 | 232.91,564.99"
512,searoutes,11,2,"256.00,596.10 | 253.20,579.80"
513,searoutes,11,2,"822.79,602.42 | 836.83,592.45"
514,searoutes,11,2,"279.34,560.69 | 272.30,546.36"
515,searoutes,11,2,"740.35,351.81 | 743.25,346.38"
516,searoutes,11,4,"519.92,385.76 | 523.80,401.60 | 545.60,409.50 | 559.30,414.80"
517,searoutes,11,2,"577.10,388.10 | 568.20,381.16"
518,searoutes,11,2,"727.90,350.90 | 726.18,338.03"
519,searoutes,11,4,"610.90,349.60 | 598.04,338.83 | 588.42,322.53 | 593.26,313.60"
520,searoutes,13,5,"383.47,352.26 | 388.20,338.20 | 401.67,346.56 | 415.38,353.76 | 415.77,361.31"
521,searoutes,13,2,"415.38,353.76 | 433.70,343.34"
522,searoutes,13,3,"332.88,316.01 | 335.91,327.55 | 324.47,330.95"
523,searoutes,13,4,"388.20,338.20 | 374.78,329.80 | 354.87,331.22 | 335.91,327.55"
524,searoutes,17,5,"313.36,437.84 | 317.00,442.40 | 305.56,448.69 | 291.38,461.97 | 287.15,448.41"
525,searoutes,17,3,"280.99,469.83 | 291.38,461.97 | 299.37,465.82"
526,searoutes,17,7,"379.91,439.83 | 377.50,448.28 | 366.60,447.30 | 355.69,446.26 | 342.00,441.20 | 328.39,436.07 | 317.00,442.40"
527,trails,1,2,"1483.07,1087.39 | 1484.03,1060.12"
528,trails,1,2,"459.89,100.76 | 468.50,128.40"
529,trails,1,2,"631.02,319.12 | 621.19,329.12"
530,trails,1,2,"1187.00,1023.00 | 1177.13,1019.98"
531,trails,1,2,"663.70,1381.46 | 650.09,1375.22"
532,trails,1,3,"1419.78,1448.10 | 1414.84,1458.17 | 1394.13,1467.94"
533,trails,1,2,"858.99,1285.80 | 881.08,1321.20"
